,fit_time,score_time,estimator,test_score,n_train,n_test,repeat,fold,cv_mdsum
0,0.7020919322967529,0.0038268566131591797,"GridSearchCV(cv=KFold(n_splits=5, random_state=None, shuffle=False),
             estimator=Pipeline(steps=[('set_column_types',
                                        SetColumnTypes(X_types={'continuous': ['.*TA$']})),
                                       ('zscore', StandardScaler()),
                                       ('svm', SVC())]),
             param_grid={'svm__C': array([0.1, 0.3, 0.5, 0.7, 0.9, 1.1, 1.3, 1.5, 1.7, 1.9, 2.1, 2.3, 2.5,
       2.7, 2.9, 3.1, 3.3, 3.5, 3.7, 3.9])})",0.6473429951690821,207,207,0,0,504d0dcec13c89e791a4180337189a99
1,0.7059378623962402,0.003913402557373047,"GridSearchCV(cv=KFold(n_splits=5, random_state=None, shuffle=False),
             estimator=Pipeline(steps=[('set_column_types',
                                        SetColumnTypes(X_types={'continuous': ['.*TA$']})),
                                       ('zscore', StandardScaler()),
                                       ('svm', SVC())]),
             param_grid={'svm__C': array([0.1, 0.3, 0.5, 0.7, 0.9, 1.1, 1.3, 1.5, 1.7, 1.9, 2.1, 2.3, 2.5,
       2.7, 2.9, 3.1, 3.3, 3.5, 3.7, 3.9])})",0.6666666666666666,207,207,0,1,504d0dcec13c89e791a4180337189a99
2,0.7084019184112549,0.003973960876464844,"GridSearchCV(cv=KFold(n_splits=5, random_state=None, shuffle=False),
             estimator=Pipeline(steps=[('set_column_types',
                                        SetColumnTypes(X_types={'continuous': ['.*TA$']})),
                                       ('zscore', StandardScaler()),
                                       ('svm', SVC())]),
             param_grid={'svm__C': array([0.1, 0.3, 0.5, 0.7, 0.9, 1.1, 1.3, 1.5, 1.7, 1.9, 2.1, 2.3, 2.5,
       2.7, 2.9, 3.1, 3.3, 3.5, 3.7, 3.9])})",0.7101449275362319,207,207,1,0,504d0dcec13c89e791a4180337189a99
3,0.7043309211730957,0.0037813186645507812,"GridSearchCV(cv=KFold(n_splits=5, random_state=None, shuffle=False),
             estimator=Pipeline(steps=[('set_column_types',
                                        SetColumnTypes(X_types={'continuous': ['.*TA$']})),
                                       ('zscore', StandardScaler()),
                                       ('svm', SVC())]),
             param_grid={'svm__C': array([0.1, 0.3, 0.5, 0.7, 0.9, 1.1, 1.3, 1.5, 1.7, 1.9, 2.1, 2.3, 2.5,
       2.7, 2.9, 3.1, 3.3, 3.5, 3.7, 3.9])})",0.6618357487922706,207,207,1,1,504d0dcec13c89e791a4180337189a99
4,0.7095887660980225,0.0039370059967041016,"GridSearchCV(cv=KFold(n_splits=5, random_state=None, shuffle=False),
             estimator=Pipeline(steps=[('set_column_types',
                                        SetColumnTypes(X_types={'continuous': ['.*TA$']})),
                                       ('zscore', StandardScaler()),
                                       ('svm', SVC())]),
             param_grid={'svm__C': array([0.1, 0.3, 0.5, 0.7, 0.9, 1.1, 1.3, 1.5, 1.7, 1.9, 2.1, 2.3, 2.5,
       2.7, 2.9, 3.1, 3.3, 3.5, 3.7, 3.9])})",0.642512077294686,207,207,2,0,504d0dcec13c89e791a4180337189a99
5,0.7079424858093262,0.003960371017456055,"GridSearchCV(cv=KFold(n_splits=5, random_state=None, shuffle=False),
             estimator=Pipeline(steps=[('set_column_types',
                                        SetColumnTypes(X_types={'continuous': ['.*TA$']})),
                                       ('zscore', StandardScaler()),
                                       ('svm', SVC())]),
             param_grid={'svm__C': array([0.1, 0.3, 0.5, 0.7, 0.9, 1.1, 1.3, 1.5, 1.7, 1.9, 2.1, 2.3, 2.5,
       2.7, 2.9, 3.1, 3.3, 3.5, 3.7, 3.9])})",0.6618357487922706,207,207,2,1,504d0dcec13c89e791a4180337189a99
6,0.7109284400939941,0.0039005279541015625,"GridSearchCV(cv=KFold(n_splits=5, random_state=None, shuffle=False),
             estimator=Pipeline(steps=[('set_column_types',
                                        SetColumnTypes(X_types={'continuous': ['.*TA$']})),
                                       ('zscore', StandardScaler()),
                                       ('svm', SVC())]),
             param_grid={'svm__C': array([0.1, 0.3, 0.5, 0.7, 0.9, 1.1, 1.3, 1.5, 1.7, 1.9, 2.1, 2.3, 2.5,
       2.7, 2.9, 3.1, 3.3, 3.5, 3.7, 3.9])})",0.6570048309178744,207,207,3,0,504d0dcec13c89e791a4180337189a99
7,0.7017543315887451,0.003856658935546875,"GridSearchCV(cv=KFold(n_splits=5, random_state=None, shuffle=False),
             estimator=Pipeline(steps=[('set_column_types',
                                        SetColumnTypes(X_types={'continuous': ['.*TA$']})),
                                       ('zscore', StandardScaler()),
                                       ('svm', SVC())]),
             param_grid={'svm__C': array([0.1, 0.3, 0.5, 0.7, 0.9, 1.1, 1.3, 1.5, 1.7, 1.9, 2.1, 2.3, 2.5,
       2.7, 2.9, 3.1, 3.3, 3.5, 3.7, 3.9])})",0.6908212560386473,207,207,3,1,504d0dcec13c89e791a4180337189a99
8,0.7061684131622314,0.0037529468536376953,"GridSearchCV(cv=KFold(n_splits=5, random_state=None, shuffle=False),
             estimator=Pipeline(steps=[('set_column_types',
                                        SetColumnTypes(X_types={'continuous': ['.*TA$']})),
                                       ('zscore', StandardScaler()),
                                       ('svm', SVC())]),
             param_grid={'svm__C': array([0.1, 0.3, 0.5, 0.7, 0.9, 1.1, 1.3, 1.5, 1.7, 1.9, 2.1, 2.3, 2.5,
       2.7, 2.9, 3.1, 3.3, 3.5, 3.7, 3.9])})",0.6859903381642513,207,207,4,0,504d0dcec13c89e791a4180337189a99
9,0.711214542388916,0.003954887390136719,"GridSearchCV(cv=KFold(n_splits=5, random_state=None, shuffle=False),
             estimator=Pipeline(steps=[('set_column_types',
                                        SetColumnTypes(X_types={'continuous': ['.*TA$']})),
                                       ('zscore', StandardScaler()),
                                       ('svm', SVC())]),
             param_grid={'svm__C': array([0.1, 0.3, 0.5, 0.7, 0.9, 1.1, 1.3, 1.5, 1.7, 1.9, 2.1, 2.3, 2.5,
       2.7, 2.9, 3.1, 3.3, 3.5, 3.7, 3.9])})",0.6908212560386473,207,207,4,1,504d0dcec13c89e791a4180337189a99
10,0.7066409587860107,0.003800630569458008,"GridSearchCV(cv=KFold(n_splits=5, random_state=None, shuffle=False),
             estimator=Pipeline(steps=[('set_column_types',
                                        SetColumnTypes(X_types={'continuous': ['.*TA$']})),
                                       ('zscore', StandardScaler()),
                                       ('svm', SVC())]),
             param_grid={'svm__C': array([0.1, 0.3, 0.5, 0.7, 0.9, 1.1, 1.3, 1.5, 1.7, 1.9, 2.1, 2.3, 2.5,
       2.7, 2.9, 3.1, 3.3, 3.5, 3.7, 3.9])})",0.6811594202898551,207,207,5,0,504d0dcec13c89e791a4180337189a99
11,0.7144532203674316,0.003970146179199219,"GridSearchCV(cv=KFold(n_splits=5, random_state=None, shuffle=False),
             estimator=Pipeline(steps=[('set_column_types',
                                        SetColumnTypes(X_types={'continuous': ['.*TA$']})),
                                       ('zscore', StandardScaler()),
                                       ('svm', SVC())]),
             param_grid={'svm__C': array([0.1, 0.3, 0.5, 0.7, 0.9, 1.1, 1.3, 1.5, 1.7, 1.9, 2.1, 2.3, 2.5,
       2.7, 2.9, 3.1, 3.3, 3.5, 3.7, 3.9])})",0.642512077294686,207,207,5,1,504d0dcec13c89e791a4180337189a99
12,0.7032535076141357,0.003983974456787109,"GridSearchCV(cv=KFold(n_splits=5, random_state=None, shuffle=False),
             estimator=Pipeline(steps=[('set_column_types',
                                        SetColumnTypes(X_types={'continuous': ['.*TA$']})),
                                       ('zscore', StandardScaler()),
                                       ('svm', SVC())]),
             param_grid={'svm__C': array([0.1, 0.3, 0.5, 0.7, 0.9, 1.1, 1.3, 1.5, 1.7, 1.9, 2.1, 2.3, 2.5,
       2.7, 2.9, 3.1, 3.3, 3.5, 3.7, 3.9])})",0.7342995169082126,207,207,6,0,504d0dcec13c89e791a4180337189a99
13,0.7038156986236572,0.0039055347442626953,"GridSearchCV(cv=KFold(n_splits=5, random_state=None, shuffle=False),
             estimator=Pipeline(steps=[('set_column_types',
                                        SetColumnTypes(X_types={'continuous': ['.*TA$']})),
                                       ('zscore', StandardScaler()),
                                       ('svm', SVC())]),
             param_grid={'svm__C': array([0.1, 0.3, 0.5, 0.7, 0.9, 1.1, 1.3, 1.5, 1.7, 1.9, 2.1, 2.3, 2.5,
       2.7, 2.9, 3.1, 3.3, 3.5, 3.7, 3.9])})",0.6859903381642513,207,207,6,1,504d0dcec13c89e791a4180337189a99
14,0.7077348232269287,0.003866434097290039,"GridSearchCV(cv=KFold(n_splits=5, random_state=None, shuffle=False),
             estimator=Pipeline(steps=[('set_column_types',
                                        SetColumnTypes(X_types={'continuous': ['.*TA$']})),
                                       ('zscore', StandardScaler()),
                                       ('svm', SVC())]),
             param_grid={'svm__C': array([0.1, 0.3, 0.5, 0.7, 0.9, 1.1, 1.3, 1.5, 1.7, 1.9, 2.1, 2.3, 2.5,
       2.7, 2.9, 3.1, 3.3, 3.5, 3.7, 3.9])})",0.6763285024154589,207,207,7,0,504d0dcec13c89e791a4180337189a99
15,0.7027530670166016,0.00372314453125,"GridSearchCV(cv=KFold(n_splits=5, random_state=None, shuffle=False),
             estimator=Pipeline(steps=[('set_column_types',
                                        SetColumnTypes(X_types={'continuous': ['.*TA$']})),
                                       ('zscore', StandardScaler()),
                                       ('svm', SVC())]),
             param_grid={'svm__C': array([0.1, 0.3, 0.5, 0.7, 0.9, 1.1, 1.3, 1.5, 1.7, 1.9, 2.1, 2.3, 2.5,
       2.7, 2.9, 3.1, 3.3, 3.5, 3.7, 3.9])})",0.7004830917874396,207,207,7,1,504d0dcec13c89e791a4180337189a99
16,0.7086989879608154,0.003961086273193359,"GridSearchCV(cv=KFold(n_splits=5, random_state=None, shuffle=False),
             estimator=Pipeline(steps=[('set_column_types',
                                        SetColumnTypes(X_types={'continuous': ['.*TA$']})),
                                       ('zscore', StandardScaler()),
                                       ('svm', SVC())]),
             param_grid={'svm__C': array([0.1, 0.3, 0.5, 0.7, 0.9, 1.1, 1.3, 1.5, 1.7, 1.9, 2.1, 2.3, 2.5,
       2.7, 2.9, 3.1, 3.3, 3.5, 3.7, 3.9])})",0.6570048309178744,207,207,8,0,504d0dcec13c89e791a4180337189a99
17,0.7035729885101318,0.003876924514770508,"GridSearchCV(cv=KFold(n_splits=5, random_state=None, shuffle=False),
             estimator=Pipeline(steps=[('set_column_types',
                                        SetColumnTypes(X_types={'continuous': ['.*TA$']})),
                                       ('zscore', StandardScaler()),
                                       ('svm', SVC())]),
             param_grid={'svm__C': array([0.1, 0.3, 0.5, 0.7, 0.9, 1.1, 1.3, 1.5, 1.7, 1.9, 2.1, 2.3, 2.5,
       2.7, 2.9, 3.1, 3.3, 3.5, 3.7, 3.9])})",0.6763285024154589,207,207,8,1,504d0dcec13c89e791a4180337189a99
18,0.7025966644287109,0.0038595199584960938,"GridSearchCV(cv=KFold(n_splits=5, random_state=None, shuffle=False),
             estimator=Pipeline(steps=[('set_column_types',
                                        SetColumnTypes(X_types={'continuous': ['.*TA$']})),
                                       ('zscore', StandardScaler()),
                                       ('svm', SVC())]),
             param_grid={'svm__C': array([0.1, 0.3, 0.5, 0.7, 0.9, 1.1, 1.3, 1.5, 1.7, 1.9, 2.1, 2.3, 2.5,
       2.7, 2.9, 3.1, 3.3, 3.5, 3.7, 3.9])})",0.6763285024154589,207,207,9,0,504d0dcec13c89e791a4180337189a99
19,0.7066688537597656,0.0039217472076416016,"GridSearchCV(cv=KFold(n_splits=5, random_state=None, shuffle=False),
             estimator=Pipeline(steps=[('set_column_types',
                                        SetColumnTypes(X_types={'continuous': ['.*TA$']})),
                                       ('zscore', StandardScaler()),
                                       ('svm', SVC())]),
             param_grid={'svm__C': array([0.1, 0.3, 0.5, 0.7, 0.9, 1.1, 1.3, 1.5, 1.7, 1.9, 2.1, 2.3, 2.5,
       2.7, 2.9, 3.1, 3.3, 3.5, 3.7, 3.9])})",0.6570048309178744,207,207,9,1,504d0dcec13c89e791a4180337189a99
20,0.7049510478973389,0.0038847923278808594,"GridSearchCV(cv=KFold(n_splits=5, random_state=None, shuffle=False),
             estimator=Pipeline(steps=[('set_column_types',
                                        SetColumnTypes(X_types={'continuous': ['.*TA$']})),
                                       ('zscore', StandardScaler()),
                                       ('svm', SVC())]),
             param_grid={'svm__C': array([0.1, 0.3, 0.5, 0.7, 0.9, 1.1, 1.3, 1.5, 1.7, 1.9, 2.1, 2.3, 2.5,
       2.7, 2.9, 3.1, 3.3, 3.5, 3.7, 3.9])})",0.642512077294686,207,207,10,0,504d0dcec13c89e791a4180337189a99
21,0.706308126449585,0.0040187835693359375,"GridSearchCV(cv=KFold(n_splits=5, random_state=None, shuffle=False),
             estimator=Pipeline(steps=[('set_column_types',
                                        SetColumnTypes(X_types={'continuous': ['.*TA$']})),
                                       ('zscore', StandardScaler()),
                                       ('svm', SVC())]),
             param_grid={'svm__C': array([0.1, 0.3, 0.5, 0.7, 0.9, 1.1, 1.3, 1.5, 1.7, 1.9, 2.1, 2.3, 2.5,
       2.7, 2.9, 3.1, 3.3, 3.5, 3.7, 3.9])})",0.6908212560386473,207,207,10,1,504d0dcec13c89e791a4180337189a99
22,0.7044107913970947,0.0038461685180664062,"GridSearchCV(cv=KFold(n_splits=5, random_state=None, shuffle=False),
             estimator=Pipeline(steps=[('set_column_types',
                                        SetColumnTypes(X_types={'continuous': ['.*TA$']})),
                                       ('zscore', StandardScaler()),
                                       ('svm', SVC())]),
             param_grid={'svm__C': array([0.1, 0.3, 0.5, 0.7, 0.9, 1.1, 1.3, 1.5, 1.7, 1.9, 2.1, 2.3, 2.5,
       2.7, 2.9, 3.1, 3.3, 3.5, 3.7, 3.9])})",0.6473429951690821,207,207,11,0,504d0dcec13c89e791a4180337189a99
23,0.7038929462432861,0.0038297176361083984,"GridSearchCV(cv=KFold(n_splits=5, random_state=None, shuffle=False),
             estimator=Pipeline(steps=[('set_column_types',
                                        SetColumnTypes(X_types={'continuous': ['.*TA$']})),
                                       ('zscore', StandardScaler()),
                                       ('svm', SVC())]),
             param_grid={'svm__C': array([0.1, 0.3, 0.5, 0.7, 0.9, 1.1, 1.3, 1.5, 1.7, 1.9, 2.1, 2.3, 2.5,
       2.7, 2.9, 3.1, 3.3, 3.5, 3.7, 3.9])})",0.6763285024154589,207,207,11,1,504d0dcec13c89e791a4180337189a99
24,0.7042953968048096,0.0037298202514648438,"GridSearchCV(cv=KFold(n_splits=5, random_state=None, shuffle=False),
             estimator=Pipeline(steps=[('set_column_types',
                                        SetColumnTypes(X_types={'continuous': ['.*TA$']})),
                                       ('zscore', StandardScaler()),
                                       ('svm', SVC())]),
             param_grid={'svm__C': array([0.1, 0.3, 0.5, 0.7, 0.9, 1.1, 1.3, 1.5, 1.7, 1.9, 2.1, 2.3, 2.5,
       2.7, 2.9, 3.1, 3.3, 3.5, 3.7, 3.9])})",0.6666666666666666,207,207,12,0,504d0dcec13c89e791a4180337189a99
25,0.7128353118896484,0.0038950443267822266,"GridSearchCV(cv=KFold(n_splits=5, random_state=None, shuffle=False),
             estimator=Pipeline(steps=[('set_column_types',
                                        SetColumnTypes(X_types={'continuous': ['.*TA$']})),
                                       ('zscore', StandardScaler()),
                                       ('svm', SVC())]),
             param_grid={'svm__C': array([0.1, 0.3, 0.5, 0.7, 0.9, 1.1, 1.3, 1.5, 1.7, 1.9, 2.1, 2.3, 2.5,
       2.7, 2.9, 3.1, 3.3, 3.5, 3.7, 3.9])})",0.7101449275362319,207,207,12,1,504d0dcec13c89e791a4180337189a99
26,0.7093675136566162,0.0037844181060791016,"GridSearchCV(cv=KFold(n_splits=5, random_state=None, shuffle=False),
             estimator=Pipeline(steps=[('set_column_types',
                                        SetColumnTypes(X_types={'continuous': ['.*TA$']})),
                                       ('zscore', StandardScaler()),
                                       ('svm', SVC())]),
             param_grid={'svm__C': array([0.1, 0.3, 0.5, 0.7, 0.9, 1.1, 1.3, 1.5, 1.7, 1.9, 2.1, 2.3, 2.5,
       2.7, 2.9, 3.1, 3.3, 3.5, 3.7, 3.9])})",0.6956521739130435,207,207,13,0,504d0dcec13c89e791a4180337189a99
27,0.7119922637939453,0.0038046836853027344,"GridSearchCV(cv=KFold(n_splits=5, random_state=None, shuffle=False),
             estimator=Pipeline(steps=[('set_column_types',
                                        SetColumnTypes(X_types={'continuous': ['.*TA$']})),
                                       ('zscore', StandardScaler()),
                                       ('svm', SVC())]),
             param_grid={'svm__C': array([0.1, 0.3, 0.5, 0.7, 0.9, 1.1, 1.3, 1.5, 1.7, 1.9, 2.1, 2.3, 2.5,
       2.7, 2.9, 3.1, 3.3, 3.5, 3.7, 3.9])})",0.6908212560386473,207,207,13,1,504d0dcec13c89e791a4180337189a99
28,0.707421064376831,0.0038688182830810547,"GridSearchCV(cv=KFold(n_splits=5, random_state=None, shuffle=False),
             estimator=Pipeline(steps=[('set_column_types',
                                        SetColumnTypes(X_types={'continuous': ['.*TA$']})),
                                       ('zscore', StandardScaler()),
                                       ('svm', SVC())]),
             param_grid={'svm__C': array([0.1, 0.3, 0.5, 0.7, 0.9, 1.1, 1.3, 1.5, 1.7, 1.9, 2.1, 2.3, 2.5,
       2.7, 2.9, 3.1, 3.3, 3.5, 3.7, 3.9])})",0.6570048309178744,207,207,14,0,504d0dcec13c89e791a4180337189a99
29,0.7042372226715088,0.003927946090698242,"GridSearchCV(cv=KFold(n_splits=5, random_state=None, shuffle=False),
             estimator=Pipeline(steps=[('set_column_types',
                                        SetColumnTypes(X_types={'continuous': ['.*TA$']})),
                                       ('zscore', StandardScaler()),
                                       ('svm', SVC())]),
             param_grid={'svm__C': array([0.1, 0.3, 0.5, 0.7, 0.9, 1.1, 1.3, 1.5, 1.7, 1.9, 2.1, 2.3, 2.5,
       2.7, 2.9, 3.1, 3.3, 3.5, 3.7, 3.9])})",0.6811594202898551,207,207,14,1,504d0dcec13c89e791a4180337189a99
30,0.712289571762085,0.0038836002349853516,"GridSearchCV(cv=KFold(n_splits=5, random_state=None, shuffle=False),
             estimator=Pipeline(steps=[('set_column_types',
                                        SetColumnTypes(X_types={'continuous': ['.*TA$']})),
                                       ('zscore', StandardScaler()),
                                       ('svm', SVC())]),
             param_grid={'svm__C': array([0.1, 0.3, 0.5, 0.7, 0.9, 1.1, 1.3, 1.5, 1.7, 1.9, 2.1, 2.3, 2.5,
       2.7, 2.9, 3.1, 3.3, 3.5, 3.7, 3.9])})",0.6811594202898551,207,207,15,0,504d0dcec13c89e791a4180337189a99
31,0.7054665088653564,0.003797769546508789,"GridSearchCV(cv=KFold(n_splits=5, random_state=None, shuffle=False),
             estimator=Pipeline(steps=[('set_column_types',
                                        SetColumnTypes(X_types={'continuous': ['.*TA$']})),
                                       ('zscore', StandardScaler()),
                                       ('svm', SVC())]),
             param_grid={'svm__C': array([0.1, 0.3, 0.5, 0.7, 0.9, 1.1, 1.3, 1.5, 1.7, 1.9, 2.1, 2.3, 2.5,
       2.7, 2.9, 3.1, 3.3, 3.5, 3.7, 3.9])})",0.6859903381642513,207,207,15,1,504d0dcec13c89e791a4180337189a99
32,0.7065682411193848,0.00385284423828125,"GridSearchCV(cv=KFold(n_splits=5, random_state=None, shuffle=False),
             estimator=Pipeline(steps=[('set_column_types',
                                        SetColumnTypes(X_types={'continuous': ['.*TA$']})),
                                       ('zscore', StandardScaler()),
                                       ('svm', SVC())]),
             param_grid={'svm__C': array([0.1, 0.3, 0.5, 0.7, 0.9, 1.1, 1.3, 1.5, 1.7, 1.9, 2.1, 2.3, 2.5,
       2.7, 2.9, 3.1, 3.3, 3.5, 3.7, 3.9])})",0.6956521739130435,207,207,16,0,504d0dcec13c89e791a4180337189a99
33,0.7024517059326172,0.003886699676513672,"GridSearchCV(cv=KFold(n_splits=5, random_state=None, shuffle=False),
             estimator=Pipeline(steps=[('set_column_types',
                                        SetColumnTypes(X_types={'continuous': ['.*TA$']})),
                                       ('zscore', StandardScaler()),
                                       ('svm', SVC())]),
             param_grid={'svm__C': array([0.1, 0.3, 0.5, 0.7, 0.9, 1.1, 1.3, 1.5, 1.7, 1.9, 2.1, 2.3, 2.5,
       2.7, 2.9, 3.1, 3.3, 3.5, 3.7, 3.9])})",0.6570048309178744,207,207,16,1,504d0dcec13c89e791a4180337189a99
34,0.707127571105957,0.003912925720214844,"GridSearchCV(cv=KFold(n_splits=5, random_state=None, shuffle=False),
             estimator=Pipeline(steps=[('set_column_types',
                                        SetColumnTypes(X_types={'continuous': ['.*TA$']})),
                                       ('zscore', StandardScaler()),
                                       ('svm', SVC())]),
             param_grid={'svm__C': array([0.1, 0.3, 0.5, 0.7, 0.9, 1.1, 1.3, 1.5, 1.7, 1.9, 2.1, 2.3, 2.5,
       2.7, 2.9, 3.1, 3.3, 3.5, 3.7, 3.9])})",0.6570048309178744,207,207,17,0,504d0dcec13c89e791a4180337189a99
35,0.7028675079345703,0.003757476806640625,"GridSearchCV(cv=KFold(n_splits=5, random_state=None, shuffle=False),
             estimator=Pipeline(steps=[('set_column_types',
                                        SetColumnTypes(X_types={'continuous': ['.*TA$']})),
                                       ('zscore', StandardScaler()),
                                       ('svm', SVC())]),
             param_grid={'svm__C': array([0.1, 0.3, 0.5, 0.7, 0.9, 1.1, 1.3, 1.5, 1.7, 1.9, 2.1, 2.3, 2.5,
       2.7, 2.9, 3.1, 3.3, 3.5, 3.7, 3.9])})",0.6811594202898551,207,207,17,1,504d0dcec13c89e791a4180337189a99
36,0.6989343166351318,0.0037279129028320312,"GridSearchCV(cv=KFold(n_splits=5, random_state=None, shuffle=False),
             estimator=Pipeline(steps=[('set_column_types',
                                        SetColumnTypes(X_types={'continuous': ['.*TA$']})),
                                       ('zscore', StandardScaler()),
                                       ('svm', SVC())]),
             param_grid={'svm__C': array([0.1, 0.3, 0.5, 0.7, 0.9, 1.1, 1.3, 1.5, 1.7, 1.9, 2.1, 2.3, 2.5,
       2.7, 2.9, 3.1, 3.3, 3.5, 3.7, 3.9])})",0.6280193236714976,207,207,18,0,504d0dcec13c89e791a4180337189a99
37,0.7061982154846191,0.003879547119140625,"GridSearchCV(cv=KFold(n_splits=5, random_state=None, shuffle=False),
             estimator=Pipeline(steps=[('set_column_types',
                                        SetColumnTypes(X_types={'continuous': ['.*TA$']})),
                                       ('zscore', StandardScaler()),
                                       ('svm', SVC())]),
             param_grid={'svm__C': array([0.1, 0.3, 0.5, 0.7, 0.9, 1.1, 1.3, 1.5, 1.7, 1.9, 2.1, 2.3, 2.5,
       2.7, 2.9, 3.1, 3.3, 3.5, 3.7, 3.9])})",0.6521739130434783,207,207,18,1,504d0dcec13c89e791a4180337189a99
38,0.7004945278167725,0.0038051605224609375,"GridSearchCV(cv=KFold(n_splits=5, random_state=None, shuffle=False),
             estimator=Pipeline(steps=[('set_column_types',
                                        SetColumnTypes(X_types={'continuous': ['.*TA$']})),
                                       ('zscore', StandardScaler()),
                                       ('svm', SVC())]),
             param_grid={'svm__C': array([0.1, 0.3, 0.5, 0.7, 0.9, 1.1, 1.3, 1.5, 1.7, 1.9, 2.1, 2.3, 2.5,
       2.7, 2.9, 3.1, 3.3, 3.5, 3.7, 3.9])})",0.6859903381642513,207,207,19,0,504d0dcec13c89e791a4180337189a99
39,0.7041187286376953,0.0038230419158935547,"GridSearchCV(cv=KFold(n_splits=5, random_state=None, shuffle=False),
             estimator=Pipeline(steps=[('set_column_types',
                                        SetColumnTypes(X_types={'continuous': ['.*TA$']})),
                                       ('zscore', StandardScaler()),
                                       ('svm', SVC())]),
             param_grid={'svm__C': array([0.1, 0.3, 0.5, 0.7, 0.9, 1.1, 1.3, 1.5, 1.7, 1.9, 2.1, 2.3, 2.5,
       2.7, 2.9, 3.1, 3.3, 3.5, 3.7, 3.9])})",0.6086956521739131,207,207,19,1,504d0dcec13c89e791a4180337189a99
40,0.7077517509460449,0.0039098262786865234,"GridSearchCV(cv=KFold(n_splits=5, random_state=None, shuffle=False),
             estimator=Pipeline(steps=[('set_column_types',
                                        SetColumnTypes(X_types={'continuous': ['.*TA$']})),
                                       ('zscore', StandardScaler()),
                                       ('svm', SVC())]),
             param_grid={'svm__C': array([0.1, 0.3, 0.5, 0.7, 0.9, 1.1, 1.3, 1.5, 1.7, 1.9, 2.1, 2.3, 2.5,
       2.7, 2.9, 3.1, 3.3, 3.5, 3.7, 3.9])})",0.6570048309178744,207,207,20,0,504d0dcec13c89e791a4180337189a99
41,0.7026572227478027,0.0037746429443359375,"GridSearchCV(cv=KFold(n_splits=5, random_state=None, shuffle=False),
             estimator=Pipeline(steps=[('set_column_types',
                                        SetColumnTypes(X_types={'continuous': ['.*TA$']})),
                                       ('zscore', StandardScaler()),
                                       ('svm', SVC())]),
             param_grid={'svm__C': array([0.1, 0.3, 0.5, 0.7, 0.9, 1.1, 1.3, 1.5, 1.7, 1.9, 2.1, 2.3, 2.5,
       2.7, 2.9, 3.1, 3.3, 3.5, 3.7, 3.9])})",0.6666666666666666,207,207,20,1,504d0dcec13c89e791a4180337189a99
42,0.702143669128418,0.0037937164306640625,"GridSearchCV(cv=KFold(n_splits=5, random_state=None, shuffle=False),
             estimator=Pipeline(steps=[('set_column_types',
                                        SetColumnTypes(X_types={'continuous': ['.*TA$']})),
                                       ('zscore', StandardScaler()),
                                       ('svm', SVC())]),
             param_grid={'svm__C': array([0.1, 0.3, 0.5, 0.7, 0.9, 1.1, 1.3, 1.5, 1.7, 1.9, 2.1, 2.3, 2.5,
       2.7, 2.9, 3.1, 3.3, 3.5, 3.7, 3.9])})",0.7004830917874396,207,207,21,0,504d0dcec13c89e791a4180337189a99
43,0.7052946090698242,0.003980159759521484,"GridSearchCV(cv=KFold(n_splits=5, random_state=None, shuffle=False),
             estimator=Pipeline(steps=[('set_column_types',
                                        SetColumnTypes(X_types={'continuous': ['.*TA$']})),
                                       ('zscore', StandardScaler()),
                                       ('svm', SVC())]),
             param_grid={'svm__C': array([0.1, 0.3, 0.5, 0.7, 0.9, 1.1, 1.3, 1.5, 1.7, 1.9, 2.1, 2.3, 2.5,
       2.7, 2.9, 3.1, 3.3, 3.5, 3.7, 3.9])})",0.6763285024154589,207,207,21,1,504d0dcec13c89e791a4180337189a99
44,0.7028682231903076,0.0038793087005615234,"GridSearchCV(cv=KFold(n_splits=5, random_state=None, shuffle=False),
             estimator=Pipeline(steps=[('set_column_types',
                                        SetColumnTypes(X_types={'continuous': ['.*TA$']})),
                                       ('zscore', StandardScaler()),
                                       ('svm', SVC())]),
             param_grid={'svm__C': array([0.1, 0.3, 0.5, 0.7, 0.9, 1.1, 1.3, 1.5, 1.7, 1.9, 2.1, 2.3, 2.5,
       2.7, 2.9, 3.1, 3.3, 3.5, 3.7, 3.9])})",0.6376811594202898,207,207,22,0,504d0dcec13c89e791a4180337189a99
45,0.7059140205383301,0.003945827484130859,"GridSearchCV(cv=KFold(n_splits=5, random_state=None, shuffle=False),
             estimator=Pipeline(steps=[('set_column_types',
                                        SetColumnTypes(X_types={'continuous': ['.*TA$']})),
                                       ('zscore', StandardScaler()),
                                       ('svm', SVC())]),
             param_grid={'svm__C': array([0.1, 0.3, 0.5, 0.7, 0.9, 1.1, 1.3, 1.5, 1.7, 1.9, 2.1, 2.3, 2.5,
       2.7, 2.9, 3.1, 3.3, 3.5, 3.7, 3.9])})",0.7053140096618358,207,207,22,1,504d0dcec13c89e791a4180337189a99
46,0.7036702632904053,0.003795146942138672,"GridSearchCV(cv=KFold(n_splits=5, random_state=None, shuffle=False),
             estimator=Pipeline(steps=[('set_column_types',
                                        SetColumnTypes(X_types={'continuous': ['.*TA$']})),
                                       ('zscore', StandardScaler()),
                                       ('svm', SVC())]),
             param_grid={'svm__C': array([0.1, 0.3, 0.5, 0.7, 0.9, 1.1, 1.3, 1.5, 1.7, 1.9, 2.1, 2.3, 2.5,
       2.7, 2.9, 3.1, 3.3, 3.5, 3.7, 3.9])})",0.6473429951690821,207,207,23,0,504d0dcec13c89e791a4180337189a99
47,0.7075541019439697,0.003980398178100586,"GridSearchCV(cv=KFold(n_splits=5, random_state=None, shuffle=False),
             estimator=Pipeline(steps=[('set_column_types',
                                        SetColumnTypes(X_types={'continuous': ['.*TA$']})),
                                       ('zscore', StandardScaler()),
                                       ('svm', SVC())]),
             param_grid={'svm__C': array([0.1, 0.3, 0.5, 0.7, 0.9, 1.1, 1.3, 1.5, 1.7, 1.9, 2.1, 2.3, 2.5,
       2.7, 2.9, 3.1, 3.3, 3.5, 3.7, 3.9])})",0.6666666666666666,207,207,23,1,504d0dcec13c89e791a4180337189a99
48,0.7059948444366455,0.003937959671020508,"GridSearchCV(cv=KFold(n_splits=5, random_state=None, shuffle=False),
             estimator=Pipeline(steps=[('set_column_types',
                                        SetColumnTypes(X_types={'continuous': ['.*TA$']})),
                                       ('zscore', StandardScaler()),
                                       ('svm', SVC())]),
             param_grid={'svm__C': array([0.1, 0.3, 0.5, 0.7, 0.9, 1.1, 1.3, 1.5, 1.7, 1.9, 2.1, 2.3, 2.5,
       2.7, 2.9, 3.1, 3.3, 3.5, 3.7, 3.9])})",0.6521739130434783,207,207,24,0,504d0dcec13c89e791a4180337189a99
49,0.7041659355163574,0.0038728713989257812,"GridSearchCV(cv=KFold(n_splits=5, random_state=None, shuffle=False),
             estimator=Pipeline(steps=[('set_column_types',
                                        SetColumnTypes(X_types={'continuous': ['.*TA$']})),
                                       ('zscore', StandardScaler()),
                                       ('svm', SVC())]),
             param_grid={'svm__C': array([0.1, 0.3, 0.5, 0.7, 0.9, 1.1, 1.3, 1.5, 1.7, 1.9, 2.1, 2.3, 2.5,
       2.7, 2.9, 3.1, 3.3, 3.5, 3.7, 3.9])})",0.6618357487922706,207,207,24,1,504d0dcec13c89e791a4180337189a99
50,0.701826810836792,0.003942728042602539,"GridSearchCV(cv=KFold(n_splits=5, random_state=None, shuffle=False),
             estimator=Pipeline(steps=[('set_column_types',
                                        SetColumnTypes(X_types={'continuous': ['.*TA$']})),
                                       ('zscore', StandardScaler()),
                                       ('svm', SVC())]),
             param_grid={'svm__C': array([0.1, 0.3, 0.5, 0.7, 0.9, 1.1, 1.3, 1.5, 1.7, 1.9, 2.1, 2.3, 2.5,
       2.7, 2.9, 3.1, 3.3, 3.5, 3.7, 3.9])})",0.6280193236714976,207,207,25,0,504d0dcec13c89e791a4180337189a99
51,0.7123472690582275,0.003920793533325195,"GridSearchCV(cv=KFold(n_splits=5, random_state=None, shuffle=False),
             estimator=Pipeline(steps=[('set_column_types',
                                        SetColumnTypes(X_types={'continuous': ['.*TA$']})),
                                       ('zscore', StandardScaler()),
                                       ('svm', SVC())]),
             param_grid={'svm__C': array([0.1, 0.3, 0.5, 0.7, 0.9, 1.1, 1.3, 1.5, 1.7, 1.9, 2.1, 2.3, 2.5,
       2.7, 2.9, 3.1, 3.3, 3.5, 3.7, 3.9])})",0.6473429951690821,207,207,25,1,504d0dcec13c89e791a4180337189a99
52,0.7083694934844971,0.003950595855712891,"GridSearchCV(cv=KFold(n_splits=5, random_state=None, shuffle=False),
             estimator=Pipeline(steps=[('set_column_types',
                                        SetColumnTypes(X_types={'continuous': ['.*TA$']})),
                                       ('zscore', StandardScaler()),
                                       ('svm', SVC())]),
             param_grid={'svm__C': array([0.1, 0.3, 0.5, 0.7, 0.9, 1.1, 1.3, 1.5, 1.7, 1.9, 2.1, 2.3, 2.5,
       2.7, 2.9, 3.1, 3.3, 3.5, 3.7, 3.9])})",0.6763285024154589,207,207,26,0,504d0dcec13c89e791a4180337189a99
53,0.7112815380096436,0.003903627395629883,"GridSearchCV(cv=KFold(n_splits=5, random_state=None, shuffle=False),
             estimator=Pipeline(steps=[('set_column_types',
                                        SetColumnTypes(X_types={'continuous': ['.*TA$']})),
                                       ('zscore', StandardScaler()),
                                       ('svm', SVC())]),
             param_grid={'svm__C': array([0.1, 0.3, 0.5, 0.7, 0.9, 1.1, 1.3, 1.5, 1.7, 1.9, 2.1, 2.3, 2.5,
       2.7, 2.9, 3.1, 3.3, 3.5, 3.7, 3.9])})",0.7294685990338164,207,207,26,1,504d0dcec13c89e791a4180337189a99
54,0.7056896686553955,0.003972291946411133,"GridSearchCV(cv=KFold(n_splits=5, random_state=None, shuffle=False),
             estimator=Pipeline(steps=[('set_column_types',
                                        SetColumnTypes(X_types={'continuous': ['.*TA$']})),
                                       ('zscore', StandardScaler()),
                                       ('svm', SVC())]),
             param_grid={'svm__C': array([0.1, 0.3, 0.5, 0.7, 0.9, 1.1, 1.3, 1.5, 1.7, 1.9, 2.1, 2.3, 2.5,
       2.7, 2.9, 3.1, 3.3, 3.5, 3.7, 3.9])})",0.6135265700483091,207,207,27,0,504d0dcec13c89e791a4180337189a99
55,0.708507776260376,0.0038743019104003906,"GridSearchCV(cv=KFold(n_splits=5, random_state=None, shuffle=False),
             estimator=Pipeline(steps=[('set_column_types',
                                        SetColumnTypes(X_types={'continuous': ['.*TA$']})),
                                       ('zscore', StandardScaler()),
                                       ('svm', SVC())]),
             param_grid={'svm__C': array([0.1, 0.3, 0.5, 0.7, 0.9, 1.1, 1.3, 1.5, 1.7, 1.9, 2.1, 2.3, 2.5,
       2.7, 2.9, 3.1, 3.3, 3.5, 3.7, 3.9])})",0.642512077294686,207,207,27,1,504d0dcec13c89e791a4180337189a99
56,0.7046902179718018,0.0039055347442626953,"GridSearchCV(cv=KFold(n_splits=5, random_state=None, shuffle=False),
             estimator=Pipeline(steps=[('set_column_types',
                                        SetColumnTypes(X_types={'continuous': ['.*TA$']})),
                                       ('zscore', StandardScaler()),
                                       ('svm', SVC())]),
             param_grid={'svm__C': array([0.1, 0.3, 0.5, 0.7, 0.9, 1.1, 1.3, 1.5, 1.7, 1.9, 2.1, 2.3, 2.5,
       2.7, 2.9, 3.1, 3.3, 3.5, 3.7, 3.9])})",0.6666666666666666,207,207,28,0,504d0dcec13c89e791a4180337189a99
57,0.707355260848999,0.00394439697265625,"GridSearchCV(cv=KFold(n_splits=5, random_state=None, shuffle=False),
             estimator=Pipeline(steps=[('set_column_types',
                                        SetColumnTypes(X_types={'continuous': ['.*TA$']})),
                                       ('zscore', StandardScaler()),
                                       ('svm', SVC())]),
             param_grid={'svm__C': array([0.1, 0.3, 0.5, 0.7, 0.9, 1.1, 1.3, 1.5, 1.7, 1.9, 2.1, 2.3, 2.5,
       2.7, 2.9, 3.1, 3.3, 3.5, 3.7, 3.9])})",0.6956521739130435,207,207,28,1,504d0dcec13c89e791a4180337189a99
58,0.7066497802734375,0.003893136978149414,"GridSearchCV(cv=KFold(n_splits=5, random_state=None, shuffle=False),
             estimator=Pipeline(steps=[('set_column_types',
                                        SetColumnTypes(X_types={'continuous': ['.*TA$']})),
                                       ('zscore', StandardScaler()),
                                       ('svm', SVC())]),
             param_grid={'svm__C': array([0.1, 0.3, 0.5, 0.7, 0.9, 1.1, 1.3, 1.5, 1.7, 1.9, 2.1, 2.3, 2.5,
       2.7, 2.9, 3.1, 3.3, 3.5, 3.7, 3.9])})",0.6956521739130435,207,207,29,0,504d0dcec13c89e791a4180337189a99
59,0.7074863910675049,0.0039577484130859375,"GridSearchCV(cv=KFold(n_splits=5, random_state=None, shuffle=False),
             estimator=Pipeline(steps=[('set_column_types',
                                        SetColumnTypes(X_types={'continuous': ['.*TA$']})),
                                       ('zscore', StandardScaler()),
                                       ('svm', SVC())]),
             param_grid={'svm__C': array([0.1, 0.3, 0.5, 0.7, 0.9, 1.1, 1.3, 1.5, 1.7, 1.9, 2.1, 2.3, 2.5,
       2.7, 2.9, 3.1, 3.3, 3.5, 3.7, 3.9])})",0.642512077294686,207,207,29,1,504d0dcec13c89e791a4180337189a99
60,0.7051117420196533,0.0038754940032958984,"GridSearchCV(cv=KFold(n_splits=5, random_state=None, shuffle=False),
             estimator=Pipeline(steps=[('set_column_types',
                                        SetColumnTypes(X_types={'continuous': ['.*TA$']})),
                                       ('zscore', StandardScaler()),
                                       ('svm', SVC())]),
             param_grid={'svm__C': array([0.1, 0.3, 0.5, 0.7, 0.9, 1.1, 1.3, 1.5, 1.7, 1.9, 2.1, 2.3, 2.5,
       2.7, 2.9, 3.1, 3.3, 3.5, 3.7, 3.9])})",0.7004830917874396,207,207,30,0,504d0dcec13c89e791a4180337189a99
61,0.7059786319732666,0.0038657188415527344,"GridSearchCV(cv=KFold(n_splits=5, random_state=None, shuffle=False),
             estimator=Pipeline(steps=[('set_column_types',
                                        SetColumnTypes(X_types={'continuous': ['.*TA$']})),
                                       ('zscore', StandardScaler()),
                                       ('svm', SVC())]),
             param_grid={'svm__C': array([0.1, 0.3, 0.5, 0.7, 0.9, 1.1, 1.3, 1.5, 1.7, 1.9, 2.1, 2.3, 2.5,
       2.7, 2.9, 3.1, 3.3, 3.5, 3.7, 3.9])})",0.6956521739130435,207,207,30,1,504d0dcec13c89e791a4180337189a99
62,0.7091798782348633,0.0038552284240722656,"GridSearchCV(cv=KFold(n_splits=5, random_state=None, shuffle=False),
             estimator=Pipeline(steps=[('set_column_types',
                                        SetColumnTypes(X_types={'continuous': ['.*TA$']})),
                                       ('zscore', StandardScaler()),
                                       ('svm', SVC())]),
             param_grid={'svm__C': array([0.1, 0.3, 0.5, 0.7, 0.9, 1.1, 1.3, 1.5, 1.7, 1.9, 2.1, 2.3, 2.5,
       2.7, 2.9, 3.1, 3.3, 3.5, 3.7, 3.9])})",0.6811594202898551,207,207,31,0,504d0dcec13c89e791a4180337189a99
63,0.7019655704498291,0.003867626190185547,"GridSearchCV(cv=KFold(n_splits=5, random_state=None, shuffle=False),
             estimator=Pipeline(steps=[('set_column_types',
                                        SetColumnTypes(X_types={'continuous': ['.*TA$']})),
                                       ('zscore', StandardScaler()),
                                       ('svm', SVC())]),
             param_grid={'svm__C': array([0.1, 0.3, 0.5, 0.7, 0.9, 1.1, 1.3, 1.5, 1.7, 1.9, 2.1, 2.3, 2.5,
       2.7, 2.9, 3.1, 3.3, 3.5, 3.7, 3.9])})",0.6763285024154589,207,207,31,1,504d0dcec13c89e791a4180337189a99
64,0.7156944274902344,0.00394439697265625,"GridSearchCV(cv=KFold(n_splits=5, random_state=None, shuffle=False),
             estimator=Pipeline(steps=[('set_column_types',
                                        SetColumnTypes(X_types={'continuous': ['.*TA$']})),
                                       ('zscore', StandardScaler()),
                                       ('svm', SVC())]),
             param_grid={'svm__C': array([0.1, 0.3, 0.5, 0.7, 0.9, 1.1, 1.3, 1.5, 1.7, 1.9, 2.1, 2.3, 2.5,
       2.7, 2.9, 3.1, 3.3, 3.5, 3.7, 3.9])})",0.6570048309178744,207,207,32,0,504d0dcec13c89e791a4180337189a99
65,0.7097463607788086,0.0039331912994384766,"GridSearchCV(cv=KFold(n_splits=5, random_state=None, shuffle=False),
             estimator=Pipeline(steps=[('set_column_types',
                                        SetColumnTypes(X_types={'continuous': ['.*TA$']})),
                                       ('zscore', StandardScaler()),
                                       ('svm', SVC())]),
             param_grid={'svm__C': array([0.1, 0.3, 0.5, 0.7, 0.9, 1.1, 1.3, 1.5, 1.7, 1.9, 2.1, 2.3, 2.5,
       2.7, 2.9, 3.1, 3.3, 3.5, 3.7, 3.9])})",0.7004830917874396,207,207,32,1,504d0dcec13c89e791a4180337189a99
66,0.712883710861206,0.003789663314819336,"GridSearchCV(cv=KFold(n_splits=5, random_state=None, shuffle=False),
             estimator=Pipeline(steps=[('set_column_types',
                                        SetColumnTypes(X_types={'continuous': ['.*TA$']})),
                                       ('zscore', StandardScaler()),
                                       ('svm', SVC())]),
             param_grid={'svm__C': array([0.1, 0.3, 0.5, 0.7, 0.9, 1.1, 1.3, 1.5, 1.7, 1.9, 2.1, 2.3, 2.5,
       2.7, 2.9, 3.1, 3.3, 3.5, 3.7, 3.9])})",0.6666666666666666,207,207,33,0,504d0dcec13c89e791a4180337189a99
67,0.7128901481628418,0.004010677337646484,"GridSearchCV(cv=KFold(n_splits=5, random_state=None, shuffle=False),
             estimator=Pipeline(steps=[('set_column_types',
                                        SetColumnTypes(X_types={'continuous': ['.*TA$']})),
                                       ('zscore', StandardScaler()),
                                       ('svm', SVC())]),
             param_grid={'svm__C': array([0.1, 0.3, 0.5, 0.7, 0.9, 1.1, 1.3, 1.5, 1.7, 1.9, 2.1, 2.3, 2.5,
       2.7, 2.9, 3.1, 3.3, 3.5, 3.7, 3.9])})",0.7053140096618358,207,207,33,1,504d0dcec13c89e791a4180337189a99
68,0.7110342979431152,0.003990888595581055,"GridSearchCV(cv=KFold(n_splits=5, random_state=None, shuffle=False),
             estimator=Pipeline(steps=[('set_column_types',
                                        SetColumnTypes(X_types={'continuous': ['.*TA$']})),
                                       ('zscore', StandardScaler()),
                                       ('svm', SVC())]),
             param_grid={'svm__C': array([0.1, 0.3, 0.5, 0.7, 0.9, 1.1, 1.3, 1.5, 1.7, 1.9, 2.1, 2.3, 2.5,
       2.7, 2.9, 3.1, 3.3, 3.5, 3.7, 3.9])})",0.6811594202898551,207,207,34,0,504d0dcec13c89e791a4180337189a99
69,0.7124063968658447,0.003816843032836914,"GridSearchCV(cv=KFold(n_splits=5, random_state=None, shuffle=False),
             estimator=Pipeline(steps=[('set_column_types',
                                        SetColumnTypes(X_types={'continuous': ['.*TA$']})),
                                       ('zscore', StandardScaler()),
                                       ('svm', SVC())]),
             param_grid={'svm__C': array([0.1, 0.3, 0.5, 0.7, 0.9, 1.1, 1.3, 1.5, 1.7, 1.9, 2.1, 2.3, 2.5,
       2.7, 2.9, 3.1, 3.3, 3.5, 3.7, 3.9])})",0.6666666666666666,207,207,34,1,504d0dcec13c89e791a4180337189a99
70,0.7078030109405518,0.0037987232208251953,"GridSearchCV(cv=KFold(n_splits=5, random_state=None, shuffle=False),
             estimator=Pipeline(steps=[('set_column_types',
                                        SetColumnTypes(X_types={'continuous': ['.*TA$']})),
                                       ('zscore', StandardScaler()),
                                       ('svm', SVC())]),
             param_grid={'svm__C': array([0.1, 0.3, 0.5, 0.7, 0.9, 1.1, 1.3, 1.5, 1.7, 1.9, 2.1, 2.3, 2.5,
       2.7, 2.9, 3.1, 3.3, 3.5, 3.7, 3.9])})",0.6714975845410628,207,207,35,0,504d0dcec13c89e791a4180337189a99
71,0.7076742649078369,0.003893136978149414,"GridSearchCV(cv=KFold(n_splits=5, random_state=None, shuffle=False),
             estimator=Pipeline(steps=[('set_column_types',
                                        SetColumnTypes(X_types={'continuous': ['.*TA$']})),
                                       ('zscore', StandardScaler()),
                                       ('svm', SVC())]),
             param_grid={'svm__C': array([0.1, 0.3, 0.5, 0.7, 0.9, 1.1, 1.3, 1.5, 1.7, 1.9, 2.1, 2.3, 2.5,
       2.7, 2.9, 3.1, 3.3, 3.5, 3.7, 3.9])})",0.7053140096618358,207,207,35,1,504d0dcec13c89e791a4180337189a99
72,0.7139251232147217,0.004005908966064453,"GridSearchCV(cv=KFold(n_splits=5, random_state=None, shuffle=False),
             estimator=Pipeline(steps=[('set_column_types',
                                        SetColumnTypes(X_types={'continuous': ['.*TA$']})),
                                       ('zscore', StandardScaler()),
                                       ('svm', SVC())]),
             param_grid={'svm__C': array([0.1, 0.3, 0.5, 0.7, 0.9, 1.1, 1.3, 1.5, 1.7, 1.9, 2.1, 2.3, 2.5,
       2.7, 2.9, 3.1, 3.3, 3.5, 3.7, 3.9])})",0.6908212560386473,207,207,36,0,504d0dcec13c89e791a4180337189a99
73,0.709669828414917,0.0038499832153320312,"GridSearchCV(cv=KFold(n_splits=5, random_state=None, shuffle=False),
             estimator=Pipeline(steps=[('set_column_types',
                                        SetColumnTypes(X_types={'continuous': ['.*TA$']})),
                                       ('zscore', StandardScaler()),
                                       ('svm', SVC())]),
             param_grid={'svm__C': array([0.1, 0.3, 0.5, 0.7, 0.9, 1.1, 1.3, 1.5, 1.7, 1.9, 2.1, 2.3, 2.5,
       2.7, 2.9, 3.1, 3.3, 3.5, 3.7, 3.9])})",0.6908212560386473,207,207,36,1,504d0dcec13c89e791a4180337189a99
74,0.7056167125701904,0.0037910938262939453,"GridSearchCV(cv=KFold(n_splits=5, random_state=None, shuffle=False),
             estimator=Pipeline(steps=[('set_column_types',
                                        SetColumnTypes(X_types={'continuous': ['.*TA$']})),
                                       ('zscore', StandardScaler()),
                                       ('svm', SVC())]),
             param_grid={'svm__C': array([0.1, 0.3, 0.5, 0.7, 0.9, 1.1, 1.3, 1.5, 1.7, 1.9, 2.1, 2.3, 2.5,
       2.7, 2.9, 3.1, 3.3, 3.5, 3.7, 3.9])})",0.7294685990338164,207,207,37,0,504d0dcec13c89e791a4180337189a99
75,0.7089619636535645,0.00391077995300293,"GridSearchCV(cv=KFold(n_splits=5, random_state=None, shuffle=False),
             estimator=Pipeline(steps=[('set_column_types',
                                        SetColumnTypes(X_types={'continuous': ['.*TA$']})),
                                       ('zscore', StandardScaler()),
                                       ('svm', SVC())]),
             param_grid={'svm__C': array([0.1, 0.3, 0.5, 0.7, 0.9, 1.1, 1.3, 1.5, 1.7, 1.9, 2.1, 2.3, 2.5,
       2.7, 2.9, 3.1, 3.3, 3.5, 3.7, 3.9])})",0.714975845410628,207,207,37,1,504d0dcec13c89e791a4180337189a99
76,0.7074494361877441,0.003706216812133789,"GridSearchCV(cv=KFold(n_splits=5, random_state=None, shuffle=False),
             estimator=Pipeline(steps=[('set_column_types',
                                        SetColumnTypes(X_types={'continuous': ['.*TA$']})),
                                       ('zscore', StandardScaler()),
                                       ('svm', SVC())]),
             param_grid={'svm__C': array([0.1, 0.3, 0.5, 0.7, 0.9, 1.1, 1.3, 1.5, 1.7, 1.9, 2.1, 2.3, 2.5,
       2.7, 2.9, 3.1, 3.3, 3.5, 3.7, 3.9])})",0.6811594202898551,207,207,38,0,504d0dcec13c89e791a4180337189a99
77,0.7094395160675049,0.003957033157348633,"GridSearchCV(cv=KFold(n_splits=5, random_state=None, shuffle=False),
             estimator=Pipeline(steps=[('set_column_types',
                                        SetColumnTypes(X_types={'continuous': ['.*TA$']})),
                                       ('zscore', StandardScaler()),
                                       ('svm', SVC())]),
             param_grid={'svm__C': array([0.1, 0.3, 0.5, 0.7, 0.9, 1.1, 1.3, 1.5, 1.7, 1.9, 2.1, 2.3, 2.5,
       2.7, 2.9, 3.1, 3.3, 3.5, 3.7, 3.9])})",0.714975845410628,207,207,38,1,504d0dcec13c89e791a4180337189a99
78,0.7085323333740234,0.003939628601074219,"GridSearchCV(cv=KFold(n_splits=5, random_state=None, shuffle=False),
             estimator=Pipeline(steps=[('set_column_types',
                                        SetColumnTypes(X_types={'continuous': ['.*TA$']})),
                                       ('zscore', StandardScaler()),
                                       ('svm', SVC())]),
             param_grid={'svm__C': array([0.1, 0.3, 0.5, 0.7, 0.9, 1.1, 1.3, 1.5, 1.7, 1.9, 2.1, 2.3, 2.5,
       2.7, 2.9, 3.1, 3.3, 3.5, 3.7, 3.9])})",0.6763285024154589,207,207,39,0,504d0dcec13c89e791a4180337189a99
79,0.713240385055542,0.0038461685180664062,"GridSearchCV(cv=KFold(n_splits=5, random_state=None, shuffle=False),
             estimator=Pipeline(steps=[('set_column_types',
                                        SetColumnTypes(X_types={'continuous': ['.*TA$']})),
                                       ('zscore', StandardScaler()),
                                       ('svm', SVC())]),
             param_grid={'svm__C': array([0.1, 0.3, 0.5, 0.7, 0.9, 1.1, 1.3, 1.5, 1.7, 1.9, 2.1, 2.3, 2.5,
       2.7, 2.9, 3.1, 3.3, 3.5, 3.7, 3.9])})",0.6908212560386473,207,207,39,1,504d0dcec13c89e791a4180337189a99
80,0.7132728099822998,0.003856182098388672,"GridSearchCV(cv=KFold(n_splits=5, random_state=None, shuffle=False),
             estimator=Pipeline(steps=[('set_column_types',
                                        SetColumnTypes(X_types={'continuous': ['.*TA$']})),
                                       ('zscore', StandardScaler()),
                                       ('svm', SVC())]),
             param_grid={'svm__C': array([0.1, 0.3, 0.5, 0.7, 0.9, 1.1, 1.3, 1.5, 1.7, 1.9, 2.1, 2.3, 2.5,
       2.7, 2.9, 3.1, 3.3, 3.5, 3.7, 3.9])})",0.714975845410628,207,207,40,0,504d0dcec13c89e791a4180337189a99
81,0.7099940776824951,0.0039021968841552734,"GridSearchCV(cv=KFold(n_splits=5, random_state=None, shuffle=False),
             estimator=Pipeline(steps=[('set_column_types',
                                        SetColumnTypes(X_types={'continuous': ['.*TA$']})),
                                       ('zscore', StandardScaler()),
                                       ('svm', SVC())]),
             param_grid={'svm__C': array([0.1, 0.3, 0.5, 0.7, 0.9, 1.1, 1.3, 1.5, 1.7, 1.9, 2.1, 2.3, 2.5,
       2.7, 2.9, 3.1, 3.3, 3.5, 3.7, 3.9])})",0.642512077294686,207,207,40,1,504d0dcec13c89e791a4180337189a99
82,0.712871789932251,0.0037543773651123047,"GridSearchCV(cv=KFold(n_splits=5, random_state=None, shuffle=False),
             estimator=Pipeline(steps=[('set_column_types',
                                        SetColumnTypes(X_types={'continuous': ['.*TA$']})),
                                       ('zscore', StandardScaler()),
                                       ('svm', SVC())]),
             param_grid={'svm__C': array([0.1, 0.3, 0.5, 0.7, 0.9, 1.1, 1.3, 1.5, 1.7, 1.9, 2.1, 2.3, 2.5,
       2.7, 2.9, 3.1, 3.3, 3.5, 3.7, 3.9])})",0.6763285024154589,207,207,41,0,504d0dcec13c89e791a4180337189a99
83,0.7067303657531738,0.003820180892944336,"GridSearchCV(cv=KFold(n_splits=5, random_state=None, shuffle=False),
             estimator=Pipeline(steps=[('set_column_types',
                                        SetColumnTypes(X_types={'continuous': ['.*TA$']})),
                                       ('zscore', StandardScaler()),
                                       ('svm', SVC())]),
             param_grid={'svm__C': array([0.1, 0.3, 0.5, 0.7, 0.9, 1.1, 1.3, 1.5, 1.7, 1.9, 2.1, 2.3, 2.5,
       2.7, 2.9, 3.1, 3.3, 3.5, 3.7, 3.9])})",0.6908212560386473,207,207,41,1,504d0dcec13c89e791a4180337189a99
84,0.7163228988647461,0.003999948501586914,"GridSearchCV(cv=KFold(n_splits=5, random_state=None, shuffle=False),
             estimator=Pipeline(steps=[('set_column_types',
                                        SetColumnTypes(X_types={'continuous': ['.*TA$']})),
                                       ('zscore', StandardScaler()),
                                       ('svm', SVC())]),
             param_grid={'svm__C': array([0.1, 0.3, 0.5, 0.7, 0.9, 1.1, 1.3, 1.5, 1.7, 1.9, 2.1, 2.3, 2.5,
       2.7, 2.9, 3.1, 3.3, 3.5, 3.7, 3.9])})",0.7439613526570048,207,207,42,0,504d0dcec13c89e791a4180337189a99
85,0.709446907043457,0.0038487911224365234,"GridSearchCV(cv=KFold(n_splits=5, random_state=None, shuffle=False),
             estimator=Pipeline(steps=[('set_column_types',
                                        SetColumnTypes(X_types={'continuous': ['.*TA$']})),
                                       ('zscore', StandardScaler()),
                                       ('svm', SVC())]),
             param_grid={'svm__C': array([0.1, 0.3, 0.5, 0.7, 0.9, 1.1, 1.3, 1.5, 1.7, 1.9, 2.1, 2.3, 2.5,
       2.7, 2.9, 3.1, 3.3, 3.5, 3.7, 3.9])})",0.6908212560386473,207,207,42,1,504d0dcec13c89e791a4180337189a99
86,0.712254524230957,0.0037865638732910156,"GridSearchCV(cv=KFold(n_splits=5, random_state=None, shuffle=False),
             estimator=Pipeline(steps=[('set_column_types',
                                        SetColumnTypes(X_types={'continuous': ['.*TA$']})),
                                       ('zscore', StandardScaler()),
                                       ('svm', SVC())]),
             param_grid={'svm__C': array([0.1, 0.3, 0.5, 0.7, 0.9, 1.1, 1.3, 1.5, 1.7, 1.9, 2.1, 2.3, 2.5,
       2.7, 2.9, 3.1, 3.3, 3.5, 3.7, 3.9])})",0.6714975845410628,207,207,43,0,504d0dcec13c89e791a4180337189a99
87,0.713003396987915,0.0037970542907714844,"GridSearchCV(cv=KFold(n_splits=5, random_state=None, shuffle=False),
             estimator=Pipeline(steps=[('set_column_types',
                                        SetColumnTypes(X_types={'continuous': ['.*TA$']})),
                                       ('zscore', StandardScaler()),
                                       ('svm', SVC())]),
             param_grid={'svm__C': array([0.1, 0.3, 0.5, 0.7, 0.9, 1.1, 1.3, 1.5, 1.7, 1.9, 2.1, 2.3, 2.5,
       2.7, 2.9, 3.1, 3.3, 3.5, 3.7, 3.9])})",0.7053140096618358,207,207,43,1,504d0dcec13c89e791a4180337189a99
88,0.7185502052307129,0.003938436508178711,"GridSearchCV(cv=KFold(n_splits=5, random_state=None, shuffle=False),
             estimator=Pipeline(steps=[('set_column_types',
                                        SetColumnTypes(X_types={'continuous': ['.*TA$']})),
                                       ('zscore', StandardScaler()),
                                       ('svm', SVC())]),
             param_grid={'svm__C': array([0.1, 0.3, 0.5, 0.7, 0.9, 1.1, 1.3, 1.5, 1.7, 1.9, 2.1, 2.3, 2.5,
       2.7, 2.9, 3.1, 3.3, 3.5, 3.7, 3.9])})",0.6908212560386473,207,207,44,0,504d0dcec13c89e791a4180337189a99
89,0.7102870941162109,0.003942966461181641,"GridSearchCV(cv=KFold(n_splits=5, random_state=None, shuffle=False),
             estimator=Pipeline(steps=[('set_column_types',
                                        SetColumnTypes(X_types={'continuous': ['.*TA$']})),
                                       ('zscore', StandardScaler()),
                                       ('svm', SVC())]),
             param_grid={'svm__C': array([0.1, 0.3, 0.5, 0.7, 0.9, 1.1, 1.3, 1.5, 1.7, 1.9, 2.1, 2.3, 2.5,
       2.7, 2.9, 3.1, 3.3, 3.5, 3.7, 3.9])})",0.7101449275362319,207,207,44,1,504d0dcec13c89e791a4180337189a99
90,0.7166197299957275,0.0038886070251464844,"GridSearchCV(cv=KFold(n_splits=5, random_state=None, shuffle=False),
             estimator=Pipeline(steps=[('set_column_types',
                                        SetColumnTypes(X_types={'continuous': ['.*TA$']})),
                                       ('zscore', StandardScaler()),
                                       ('svm', SVC())]),
             param_grid={'svm__C': array([0.1, 0.3, 0.5, 0.7, 0.9, 1.1, 1.3, 1.5, 1.7, 1.9, 2.1, 2.3, 2.5,
       2.7, 2.9, 3.1, 3.3, 3.5, 3.7, 3.9])})",0.7053140096618358,207,207,45,0,504d0dcec13c89e791a4180337189a99
91,0.7103579044342041,0.0036919116973876953,"GridSearchCV(cv=KFold(n_splits=5, random_state=None, shuffle=False),
             estimator=Pipeline(steps=[('set_column_types',
                                        SetColumnTypes(X_types={'continuous': ['.*TA$']})),
                                       ('zscore', StandardScaler()),
                                       ('svm', SVC())]),
             param_grid={'svm__C': array([0.1, 0.3, 0.5, 0.7, 0.9, 1.1, 1.3, 1.5, 1.7, 1.9, 2.1, 2.3, 2.5,
       2.7, 2.9, 3.1, 3.3, 3.5, 3.7, 3.9])})",0.714975845410628,207,207,45,1,504d0dcec13c89e791a4180337189a99
92,0.7117569446563721,0.0038671493530273438,"GridSearchCV(cv=KFold(n_splits=5, random_state=None, shuffle=False),
             estimator=Pipeline(steps=[('set_column_types',
                                        SetColumnTypes(X_types={'continuous': ['.*TA$']})),
                                       ('zscore', StandardScaler()),
                                       ('svm', SVC())]),
             param_grid={'svm__C': array([0.1, 0.3, 0.5, 0.7, 0.9, 1.1, 1.3, 1.5, 1.7, 1.9, 2.1, 2.3, 2.5,
       2.7, 2.9, 3.1, 3.3, 3.5, 3.7, 3.9])})",0.7246376811594203,207,207,46,0,504d0dcec13c89e791a4180337189a99
93,0.7057902812957764,0.003925800323486328,"GridSearchCV(cv=KFold(n_splits=5, random_state=None, shuffle=False),
             estimator=Pipeline(steps=[('set_column_types',
                                        SetColumnTypes(X_types={'continuous': ['.*TA$']})),
                                       ('zscore', StandardScaler()),
                                       ('svm', SVC())]),
             param_grid={'svm__C': array([0.1, 0.3, 0.5, 0.7, 0.9, 1.1, 1.3, 1.5, 1.7, 1.9, 2.1, 2.3, 2.5,
       2.7, 2.9, 3.1, 3.3, 3.5, 3.7, 3.9])})",0.6618357487922706,207,207,46,1,504d0dcec13c89e791a4180337189a99
94,0.7077758312225342,0.003894805908203125,"GridSearchCV(cv=KFold(n_splits=5, random_state=None, shuffle=False),
             estimator=Pipeline(steps=[('set_column_types',
                                        SetColumnTypes(X_types={'continuous': ['.*TA$']})),
                                       ('zscore', StandardScaler()),
                                       ('svm', SVC())]),
             param_grid={'svm__C': array([0.1, 0.3, 0.5, 0.7, 0.9, 1.1, 1.3, 1.5, 1.7, 1.9, 2.1, 2.3, 2.5,
       2.7, 2.9, 3.1, 3.3, 3.5, 3.7, 3.9])})",0.6570048309178744,207,207,47,0,504d0dcec13c89e791a4180337189a99
95,0.7167468070983887,0.003849029541015625,"GridSearchCV(cv=KFold(n_splits=5, random_state=None, shuffle=False),
             estimator=Pipeline(steps=[('set_column_types',
                                        SetColumnTypes(X_types={'continuous': ['.*TA$']})),
                                       ('zscore', StandardScaler()),
                                       ('svm', SVC())]),
             param_grid={'svm__C': array([0.1, 0.3, 0.5, 0.7, 0.9, 1.1, 1.3, 1.5, 1.7, 1.9, 2.1, 2.3, 2.5,
       2.7, 2.9, 3.1, 3.3, 3.5, 3.7, 3.9])})",0.6666666666666666,207,207,47,1,504d0dcec13c89e791a4180337189a99
96,0.7111470699310303,0.003986835479736328,"GridSearchCV(cv=KFold(n_splits=5, random_state=None, shuffle=False),
             estimator=Pipeline(steps=[('set_column_types',
                                        SetColumnTypes(X_types={'continuous': ['.*TA$']})),
                                       ('zscore', StandardScaler()),
                                       ('svm', SVC())]),
             param_grid={'svm__C': array([0.1, 0.3, 0.5, 0.7, 0.9, 1.1, 1.3, 1.5, 1.7, 1.9, 2.1, 2.3, 2.5,
       2.7, 2.9, 3.1, 3.3, 3.5, 3.7, 3.9])})",0.6473429951690821,207,207,48,0,504d0dcec13c89e791a4180337189a99
97,0.7027871608734131,0.0037925243377685547,"GridSearchCV(cv=KFold(n_splits=5, random_state=None, shuffle=False),
             estimator=Pipeline(steps=[('set_column_types',
                                        SetColumnTypes(X_types={'continuous': ['.*TA$']})),
                                       ('zscore', StandardScaler()),
                                       ('svm', SVC())]),
             param_grid={'svm__C': array([0.1, 0.3, 0.5, 0.7, 0.9, 1.1, 1.3, 1.5, 1.7, 1.9, 2.1, 2.3, 2.5,
       2.7, 2.9, 3.1, 3.3, 3.5, 3.7, 3.9])})",0.6280193236714976,207,207,48,1,504d0dcec13c89e791a4180337189a99
98,0.7093620300292969,0.0039560794830322266,"GridSearchCV(cv=KFold(n_splits=5, random_state=None, shuffle=False),
             estimator=Pipeline(steps=[('set_column_types',
                                        SetColumnTypes(X_types={'continuous': ['.*TA$']})),
                                       ('zscore', StandardScaler()),
                                       ('svm', SVC())]),
             param_grid={'svm__C': array([0.1, 0.3, 0.5, 0.7, 0.9, 1.1, 1.3, 1.5, 1.7, 1.9, 2.1, 2.3, 2.5,
       2.7, 2.9, 3.1, 3.3, 3.5, 3.7, 3.9])})",0.6908212560386473,207,207,49,0,504d0dcec13c89e791a4180337189a99
99,0.7048416137695312,0.003871440887451172,"GridSearchCV(cv=KFold(n_splits=5, random_state=None, shuffle=False),
             estimator=Pipeline(steps=[('set_column_types',
                                        SetColumnTypes(X_types={'continuous': ['.*TA$']})),
                                       ('zscore', StandardScaler()),
                                       ('svm', SVC())]),
             param_grid={'svm__C': array([0.1, 0.3, 0.5, 0.7, 0.9, 1.1, 1.3, 1.5, 1.7, 1.9, 2.1, 2.3, 2.5,
       2.7, 2.9, 3.1, 3.3, 3.5, 3.7, 3.9])})",0.7004830917874396,207,207,49,1,504d0dcec13c89e791a4180337189a99
100,0.7102999687194824,0.0038557052612304688,"GridSearchCV(cv=KFold(n_splits=5, random_state=None, shuffle=False),
             estimator=Pipeline(steps=[('set_column_types',
                                        SetColumnTypes(X_types={'continuous': ['.*TA$']})),
                                       ('zscore', StandardScaler()),
                                       ('svm', SVC())]),
             param_grid={'svm__C': array([0.1, 0.3, 0.5, 0.7, 0.9, 1.1, 1.3, 1.5, 1.7, 1.9, 2.1, 2.3, 2.5,
       2.7, 2.9, 3.1, 3.3, 3.5, 3.7, 3.9])})",0.6859903381642513,207,207,50,0,504d0dcec13c89e791a4180337189a99
101,0.7096884250640869,0.0038805007934570312,"GridSearchCV(cv=KFold(n_splits=5, random_state=None, shuffle=False),
             estimator=Pipeline(steps=[('set_column_types',
                                        SetColumnTypes(X_types={'continuous': ['.*TA$']})),
                                       ('zscore', StandardScaler()),
                                       ('svm', SVC())]),
             param_grid={'svm__C': array([0.1, 0.3, 0.5, 0.7, 0.9, 1.1, 1.3, 1.5, 1.7, 1.9, 2.1, 2.3, 2.5,
       2.7, 2.9, 3.1, 3.3, 3.5, 3.7, 3.9])})",0.714975845410628,207,207,50,1,504d0dcec13c89e791a4180337189a99
102,0.7096948623657227,0.003853321075439453,"GridSearchCV(cv=KFold(n_splits=5, random_state=None, shuffle=False),
             estimator=Pipeline(steps=[('set_column_types',
                                        SetColumnTypes(X_types={'continuous': ['.*TA$']})),
                                       ('zscore', StandardScaler()),
                                       ('svm', SVC())]),
             param_grid={'svm__C': array([0.1, 0.3, 0.5, 0.7, 0.9, 1.1, 1.3, 1.5, 1.7, 1.9, 2.1, 2.3, 2.5,
       2.7, 2.9, 3.1, 3.3, 3.5, 3.7, 3.9])})",0.6859903381642513,207,207,51,0,504d0dcec13c89e791a4180337189a99
103,0.7118089199066162,0.0037794113159179688,"GridSearchCV(cv=KFold(n_splits=5, random_state=None, shuffle=False),
             estimator=Pipeline(steps=[('set_column_types',
                                        SetColumnTypes(X_types={'continuous': ['.*TA$']})),
                                       ('zscore', StandardScaler()),
                                       ('svm', SVC())]),
             param_grid={'svm__C': array([0.1, 0.3, 0.5, 0.7, 0.9, 1.1, 1.3, 1.5, 1.7, 1.9, 2.1, 2.3, 2.5,
       2.7, 2.9, 3.1, 3.3, 3.5, 3.7, 3.9])})",0.6859903381642513,207,207,51,1,504d0dcec13c89e791a4180337189a99
104,0.7072670459747314,0.003827333450317383,"GridSearchCV(cv=KFold(n_splits=5, random_state=None, shuffle=False),
             estimator=Pipeline(steps=[('set_column_types',
                                        SetColumnTypes(X_types={'continuous': ['.*TA$']})),
                                       ('zscore', StandardScaler()),
                                       ('svm', SVC())]),
             param_grid={'svm__C': array([0.1, 0.3, 0.5, 0.7, 0.9, 1.1, 1.3, 1.5, 1.7, 1.9, 2.1, 2.3, 2.5,
       2.7, 2.9, 3.1, 3.3, 3.5, 3.7, 3.9])})",0.714975845410628,207,207,52,0,504d0dcec13c89e791a4180337189a99
105,0.7050817012786865,0.0038683414459228516,"GridSearchCV(cv=KFold(n_splits=5, random_state=None, shuffle=False),
             estimator=Pipeline(steps=[('set_column_types',
                                        SetColumnTypes(X_types={'continuous': ['.*TA$']})),
                                       ('zscore', StandardScaler()),
                                       ('svm', SVC())]),
             param_grid={'svm__C': array([0.1, 0.3, 0.5, 0.7, 0.9, 1.1, 1.3, 1.5, 1.7, 1.9, 2.1, 2.3, 2.5,
       2.7, 2.9, 3.1, 3.3, 3.5, 3.7, 3.9])})",0.7053140096618358,207,207,52,1,504d0dcec13c89e791a4180337189a99
106,0.7082087993621826,0.00383758544921875,"GridSearchCV(cv=KFold(n_splits=5, random_state=None, shuffle=False),
             estimator=Pipeline(steps=[('set_column_types',
                                        SetColumnTypes(X_types={'continuous': ['.*TA$']})),
                                       ('zscore', StandardScaler()),
                                       ('svm', SVC())]),
             param_grid={'svm__C': array([0.1, 0.3, 0.5, 0.7, 0.9, 1.1, 1.3, 1.5, 1.7, 1.9, 2.1, 2.3, 2.5,
       2.7, 2.9, 3.1, 3.3, 3.5, 3.7, 3.9])})",0.6763285024154589,207,207,53,0,504d0dcec13c89e791a4180337189a99
107,0.7034926414489746,0.003741741180419922,"GridSearchCV(cv=KFold(n_splits=5, random_state=None, shuffle=False),
             estimator=Pipeline(steps=[('set_column_types',
                                        SetColumnTypes(X_types={'continuous': ['.*TA$']})),
                                       ('zscore', StandardScaler()),
                                       ('svm', SVC())]),
             param_grid={'svm__C': array([0.1, 0.3, 0.5, 0.7, 0.9, 1.1, 1.3, 1.5, 1.7, 1.9, 2.1, 2.3, 2.5,
       2.7, 2.9, 3.1, 3.3, 3.5, 3.7, 3.9])})",0.6618357487922706,207,207,53,1,504d0dcec13c89e791a4180337189a99
108,0.703357458114624,0.003922224044799805,"GridSearchCV(cv=KFold(n_splits=5, random_state=None, shuffle=False),
             estimator=Pipeline(steps=[('set_column_types',
                                        SetColumnTypes(X_types={'continuous': ['.*TA$']})),
                                       ('zscore', StandardScaler()),
                                       ('svm', SVC())]),
             param_grid={'svm__C': array([0.1, 0.3, 0.5, 0.7, 0.9, 1.1, 1.3, 1.5, 1.7, 1.9, 2.1, 2.3, 2.5,
       2.7, 2.9, 3.1, 3.3, 3.5, 3.7, 3.9])})",0.6763285024154589,207,207,54,0,504d0dcec13c89e791a4180337189a99
109,0.7092652320861816,0.006334066390991211,"GridSearchCV(cv=KFold(n_splits=5, random_state=None, shuffle=False),
             estimator=Pipeline(steps=[('set_column_types',
                                        SetColumnTypes(X_types={'continuous': ['.*TA$']})),
                                       ('zscore', StandardScaler()),
                                       ('svm', SVC())]),
             param_grid={'svm__C': array([0.1, 0.3, 0.5, 0.7, 0.9, 1.1, 1.3, 1.5, 1.7, 1.9, 2.1, 2.3, 2.5,
       2.7, 2.9, 3.1, 3.3, 3.5, 3.7, 3.9])})",0.6521739130434783,207,207,54,1,504d0dcec13c89e791a4180337189a99
110,0.7067065238952637,0.003826141357421875,"GridSearchCV(cv=KFold(n_splits=5, random_state=None, shuffle=False),
             estimator=Pipeline(steps=[('set_column_types',
                                        SetColumnTypes(X_types={'continuous': ['.*TA$']})),
                                       ('zscore', StandardScaler()),
                                       ('svm', SVC())]),
             param_grid={'svm__C': array([0.1, 0.3, 0.5, 0.7, 0.9, 1.1, 1.3, 1.5, 1.7, 1.9, 2.1, 2.3, 2.5,
       2.7, 2.9, 3.1, 3.3, 3.5, 3.7, 3.9])})",0.7246376811594203,207,207,55,0,504d0dcec13c89e791a4180337189a99
111,0.7099437713623047,0.0039746761322021484,"GridSearchCV(cv=KFold(n_splits=5, random_state=None, shuffle=False),
             estimator=Pipeline(steps=[('set_column_types',
                                        SetColumnTypes(X_types={'continuous': ['.*TA$']})),
                                       ('zscore', StandardScaler()),
                                       ('svm', SVC())]),
             param_grid={'svm__C': array([0.1, 0.3, 0.5, 0.7, 0.9, 1.1, 1.3, 1.5, 1.7, 1.9, 2.1, 2.3, 2.5,
       2.7, 2.9, 3.1, 3.3, 3.5, 3.7, 3.9])})",0.6811594202898551,207,207,55,1,504d0dcec13c89e791a4180337189a99
112,0.707646369934082,0.0037484169006347656,"GridSearchCV(cv=KFold(n_splits=5, random_state=None, shuffle=False),
             estimator=Pipeline(steps=[('set_column_types',
                                        SetColumnTypes(X_types={'continuous': ['.*TA$']})),
                                       ('zscore', StandardScaler()),
                                       ('svm', SVC())]),
             param_grid={'svm__C': array([0.1, 0.3, 0.5, 0.7, 0.9, 1.1, 1.3, 1.5, 1.7, 1.9, 2.1, 2.3, 2.5,
       2.7, 2.9, 3.1, 3.3, 3.5, 3.7, 3.9])})",0.6908212560386473,207,207,56,0,504d0dcec13c89e791a4180337189a99
113,0.7066874504089355,0.003818988800048828,"GridSearchCV(cv=KFold(n_splits=5, random_state=None, shuffle=False),
             estimator=Pipeline(steps=[('set_column_types',
                                        SetColumnTypes(X_types={'continuous': ['.*TA$']})),
                                       ('zscore', StandardScaler()),
                                       ('svm', SVC())]),
             param_grid={'svm__C': array([0.1, 0.3, 0.5, 0.7, 0.9, 1.1, 1.3, 1.5, 1.7, 1.9, 2.1, 2.3, 2.5,
       2.7, 2.9, 3.1, 3.3, 3.5, 3.7, 3.9])})",0.6618357487922706,207,207,56,1,504d0dcec13c89e791a4180337189a99
114,0.7073705196380615,0.003866910934448242,"GridSearchCV(cv=KFold(n_splits=5, random_state=None, shuffle=False),
             estimator=Pipeline(steps=[('set_column_types',
                                        SetColumnTypes(X_types={'continuous': ['.*TA$']})),
                                       ('zscore', StandardScaler()),
                                       ('svm', SVC())]),
             param_grid={'svm__C': array([0.1, 0.3, 0.5, 0.7, 0.9, 1.1, 1.3, 1.5, 1.7, 1.9, 2.1, 2.3, 2.5,
       2.7, 2.9, 3.1, 3.3, 3.5, 3.7, 3.9])})",0.7053140096618358,207,207,57,0,504d0dcec13c89e791a4180337189a99
115,0.7057080268859863,0.0038483142852783203,"GridSearchCV(cv=KFold(n_splits=5, random_state=None, shuffle=False),
             estimator=Pipeline(steps=[('set_column_types',
                                        SetColumnTypes(X_types={'continuous': ['.*TA$']})),
                                       ('zscore', StandardScaler()),
                                       ('svm', SVC())]),
             param_grid={'svm__C': array([0.1, 0.3, 0.5, 0.7, 0.9, 1.1, 1.3, 1.5, 1.7, 1.9, 2.1, 2.3, 2.5,
       2.7, 2.9, 3.1, 3.3, 3.5, 3.7, 3.9])})",0.6570048309178744,207,207,57,1,504d0dcec13c89e791a4180337189a99
116,0.7137458324432373,0.0038290023803710938,"GridSearchCV(cv=KFold(n_splits=5, random_state=None, shuffle=False),
             estimator=Pipeline(steps=[('set_column_types',
                                        SetColumnTypes(X_types={'continuous': ['.*TA$']})),
                                       ('zscore', StandardScaler()),
                                       ('svm', SVC())]),
             param_grid={'svm__C': array([0.1, 0.3, 0.5, 0.7, 0.9, 1.1, 1.3, 1.5, 1.7, 1.9, 2.1, 2.3, 2.5,
       2.7, 2.9, 3.1, 3.3, 3.5, 3.7, 3.9])})",0.6714975845410628,207,207,58,0,504d0dcec13c89e791a4180337189a99
117,0.7045938968658447,0.0038285255432128906,"GridSearchCV(cv=KFold(n_splits=5, random_state=None, shuffle=False),
             estimator=Pipeline(steps=[('set_column_types',
                                        SetColumnTypes(X_types={'continuous': ['.*TA$']})),
                                       ('zscore', StandardScaler()),
                                       ('svm', SVC())]),
             param_grid={'svm__C': array([0.1, 0.3, 0.5, 0.7, 0.9, 1.1, 1.3, 1.5, 1.7, 1.9, 2.1, 2.3, 2.5,
       2.7, 2.9, 3.1, 3.3, 3.5, 3.7, 3.9])})",0.6956521739130435,207,207,58,1,504d0dcec13c89e791a4180337189a99
118,0.7059478759765625,0.003930091857910156,"GridSearchCV(cv=KFold(n_splits=5, random_state=None, shuffle=False),
             estimator=Pipeline(steps=[('set_column_types',
                                        SetColumnTypes(X_types={'continuous': ['.*TA$']})),
                                       ('zscore', StandardScaler()),
                                       ('svm', SVC())]),
             param_grid={'svm__C': array([0.1, 0.3, 0.5, 0.7, 0.9, 1.1, 1.3, 1.5, 1.7, 1.9, 2.1, 2.3, 2.5,
       2.7, 2.9, 3.1, 3.3, 3.5, 3.7, 3.9])})",0.6376811594202898,207,207,59,0,504d0dcec13c89e791a4180337189a99
119,0.7139828205108643,0.003840208053588867,"GridSearchCV(cv=KFold(n_splits=5, random_state=None, shuffle=False),
             estimator=Pipeline(steps=[('set_column_types',
                                        SetColumnTypes(X_types={'continuous': ['.*TA$']})),
                                       ('zscore', StandardScaler()),
                                       ('svm', SVC())]),
             param_grid={'svm__C': array([0.1, 0.3, 0.5, 0.7, 0.9, 1.1, 1.3, 1.5, 1.7, 1.9, 2.1, 2.3, 2.5,
       2.7, 2.9, 3.1, 3.3, 3.5, 3.7, 3.9])})",0.6280193236714976,207,207,59,1,504d0dcec13c89e791a4180337189a99
